{
  "variant": "n",
  "epochs": 30,
  "image_size": 96,
  "train_images": 48,
  "val_images": 16,
  "seed": 0,
  "map50": 0.5731150326630563,
  "map50_95": 0.34184475109178575,
  "precision": 0.3880597014925373,
  "recall": 0.8125,
  "f1": 0.5252525252525252
}
